<?xml version="1.0" encoding="UTF-8"?>
<java version="1.8.0_101" class="java.beans.XMLDecoder">
 <object class="java.util.ArrayList">
  <void method="add">
   <object class="Domain.ShopService">
    <void property="id">
     <string>a1ab57b3-799c-44f6-b4ba-b763b2f3f09d</string>
    </void>
    <void property="name">
     <string>test</string>
    </void>
    <void property="price">
     <object class="Domain.Money">
      <void property="value">
       <string>5</string>
      </void>
     </object>
    </void>
   </object>
  </void>
  <void method="add">
   <object class="Domain.ShopService">
    <void property="id">
     <string>7f3e1e24-0b23-4546-b6a4-f3889342c88c</string>
    </void>
    <void property="name">
     <string>test2</string>
    </void>
    <void property="price">
     <object class="Domain.Money">
      <void property="value">
       <string>10</string>
      </void>
     </object>
    </void>
   </object>
  </void>
 </object>
</java>
